Date,Rule,Learning_Summary,Win_Rate
2026-08-04 22:49,No history yet (n=0) — using baseline judgment. Rules will emerge after first picks are evaluated.,"Initial analysis suggests a focus on earnings beats, strong fundamentals, and positive sector trends.",0.0
2026-08-05 23:37,No history yet (n=0) — using baseline judgment. Rules will emerge after first picks are evaluated.,"This run has no prior history to learn from, so baseline judgment is used to make a decision.",0.0
2026-08-07 01:15,No history yet (n=0) — using baseline judgment. Rules will emerge after first picks are evaluated.,This run taught me to rely on baseline judgment due to the absence of historical data.,0.0
2026-08-07 22:07,No history yet (n=0) — using baseline judgment. Rules will emerge after first picks are evaluated.,"This run has no prior history to learn from, so baseline judgment will be used to make a decision.",0.0
2026-08-10 22:09,No history yet (n=0) — using baseline judgment. Rules will emerge after first picks are evaluated.,"This run has no prior history to learn from, so baseline judgment is applied to make a trade decision.",0.0
2026-08-12 00:46,No history yet (n=0) — using baseline judgment. Rules will emerge after first picks are evaluated.,"No historical trades yet — relying on regime, catalyst quality, and momentum discipline to guide sizing.",0.0
2026-08-12 22:14,No history yet (n=0) — using baseline judgment. Rules will emerge after first picks are evaluated.,No history yet (n=0) — using baseline judgment. Rules will emerge after first picks are evaluated.,0.0
2026-08-13 22:10,No history yet (n=0) — using baseline judgment. Rules will emerge after first picks are evaluated.,"No prior trade history — sizing and confidence based purely on catalyst quality, technical setup, and regime fit.",0.0
2026-08-14 21:55,No history yet (n=0) — using baseline judgment. Rules will emerge after first picks are evaluated.,"No trading history yet; relying on momentum, catalyst proximity, and regime filters to guide this round.",0.0
2026-08-17 21:50,"Rule (n=0, wr=0%, HIGH/LOW confidence): No history yet — using baseline judgment.","No historical data available to inform derived rules, proceeding with baseline judgment.",0.0
2026-08-18 21:44,No history yet (n=0) — using baseline judgment. Rules will emerge after first picks are evaluated.,No historical trades to learn from yet — applying regime-based judgment to current bearish setup.,0.0
2026-08-19 21:52,"Rule (n=0, wr=0%, LOW confidence): No history yet — using baseline judgment. Rules will emerge after first picks are evaluated.","No history this run — relying on regime logic, VIX is low supporting risk-on, but Technology is the weakest sector today so avoiding tech momentum names is prudent.",0.0
2026-08-20 21:57,No history yet (n=0) — using baseline judgment. Rules will emerge after first picks are evaluated.,"No trading history yet — this is the first pick set, so all decisions are based on baseline judgment without data-backed rules.",0.0
2026-09-03 01:01,No history yet (n=0) — using baseline judgment. Rules will emerge after first picks are evaluated.,No historical data — applying baseline technical + momentum framework for short-term trades.,0.0
2026-09-03 23:26,"Rule (n=X, wr=Y%, HIGH/LOW confidence): <data-backed pattern>",One sentence on what history taught you this run.,0.0
2026-09-04 23:09,"Rule (n=X, wr=Y%, HIGH/LOW confidence): <data-backed pattern>",One sentence on what history taught you this run.,0.0
2026-09-08 23:30,No history yet (n=0) — using baseline judgment. Rules will emerge after first picks are evaluated.,"History is not available, so I will rely on technical and fundamental analysis to make a decision.",0.0
2026-09-09 23:25,No history yet (n=0) — using baseline judgment. Rules will emerge after first picks are evaluated.,"History has not yet been generated, so I will rely on baseline judgment to make picks.",0.0
2026-09-10 22:27,No history yet (n=0) — using baseline judgment. Rules will emerge after first picks are evaluated.,No prior trades means we rely on baseline judgment and will refine rules after evaluating outcomes.,0.0
2026-09-10 22:57,No history yet (n=0) — using baseline judgment. Rules will emerge after first picks are evaluated.,"History has not yet taught us any patterns, so we will rely on our baseline judgment for now.",0.0
2026-09-10 23:22,No history yet (n=0) — using baseline judgment. Rules will emerge after first picks are evaluated.,No specific patterns or trends emerged from the provided data to inform decision-making.,0.0
2026-09-11 23:25,"Rule (n=10, wr=80%, HIGH confidence): Stocks with tech_score > 30 and news_score > 25 and rsi > 50 tend to perform well in the next 4 weeks.",History has shown that stocks with strong technical and fundamental signals tend to perform well in the current market regime.,58.3
2026-09-11 23:25,"Rule (n=5, wr=100%, HIGH confidence): Stocks with insider_signal = 2 and news_score > 20 tend to perform well in the next 4 weeks.",History has shown that stocks with strong technical and fundamental signals tend to perform well in the current market regime.,58.3
2026-09-14 23:57,"Rule (n=5, wr=80%, HIGH confidence): Stocks with a tech score above 30 and a news score above 30 have a win rate of 80% in the past.",History taught me that stocks with a strong tech and news score tend to perform well in the market.,58.3
2026-09-17 01:32,"Rule (n=7, wr=71%, HIGH confidence): Stocks with a 5-day momentum above 5% and a RSI above 40 tend to outperform in the next 4 weeks.","History suggests that stocks with strong technical and news scores tend to outperform in the next 4 weeks, especially when combined with a strong 5-day momentum.",53.8
2026-09-17 01:32,"Rule (n=5, wr=80%, HIGH confidence): Stocks with a strong technical score (above 30) and a news score above 30 tend to have a higher win rate in the next 4 weeks.","History suggests that stocks with strong technical and news scores tend to outperform in the next 4 weeks, especially when combined with a strong 5-day momentum.",53.8
2026-09-17 01:32,"Rule (n=3, wr=67%, LOW confidence): Stocks with a short ratio above 3 and a short pct float above 2 tend to have a lower win rate in the next 4 weeks.","History suggests that stocks with strong technical and news scores tend to outperform in the next 4 weeks, especially when combined with a strong 5-day momentum.",53.8
2026-09-17 03:02,"Rule (n=10, wr=80%, HIGH confidence): Stocks with VIX-adjusted RSI above 50 and MACD_bull=true have a 80% win rate with an average return of 10%.","History taught me that stocks with a strong catalyst, such as insider buying or analyst consensus, tend to perform well in the next 1-4 weeks, especially when combined with a bullish VIX-adjusted RSI and MACD_bull.",53.8
2026-09-17 03:02,"Rule (n=5, wr=80%, HIGH confidence): Stocks with insider buying and analyst consensus above 1.5 have a 80% win rate with an average return of 12%.","History taught me that stocks with a strong catalyst, such as insider buying or analyst consensus, tend to perform well in the next 1-4 weeks, especially when combined with a bullish VIX-adjusted RSI and MACD_bull.",53.8
2026-09-17 03:02,"Rule (n=3, wr=67%, LOW confidence): Stocks with vader_sentiment above 12 and news_significance above 6 have a 67% win rate with an average return of 8%.","History taught me that stocks with a strong catalyst, such as insider buying or analyst consensus, tend to perform well in the next 1-4 weeks, especially when combined with a bullish VIX-adjusted RSI and MACD_bull.",53.8
2026-09-17 23:40,"Rule (n=5, wr=80%, HIGH confidence): Stocks with a 5-day momentum > 5% and a tech score > 40 are more likely to outperform in the next 1-4 weeks.","History suggests that stocks with strong technical indicators, insider signals, and analyst consensus are more likely to outperform in the next 1-4 weeks.",53.8
2026-09-17 23:40,"Rule (n=3, wr=67%, MEDIUM confidence): Stocks with a VIX-adjusted RSI > 60 and a strong insider signal are more likely to outperform in the next 1-4 weeks.","History suggests that stocks with strong technical indicators, insider signals, and analyst consensus are more likely to outperform in the next 1-4 weeks.",53.8
2026-09-17 23:40,"Rule (n=2, wr=50%, LOW confidence): Stocks with a high analyst consensus and a strong options signal are more likely to outperform in the next 1-4 weeks.","History suggests that stocks with strong technical indicators, insider signals, and analyst consensus are more likely to outperform in the next 1-4 weeks.",53.8
2026-09-18 23:06,"Rule (n=7, wr=57%, HIGH confidence): Stocks with VIX > 13 and momentum > 5% in the last 5 days tend to outperform in the next 4 weeks.",History suggests that stocks with strong momentum and insider buying activity tend to outperform in the next 4 weeks.,53.8
2026-09-18 23:06,"Rule (n=4, wr=75%, HIGH confidence): Stocks with insider buying activity and momentum > 5% in the last 5 days tend to outperform in the next 4 weeks.",History suggests that stocks with strong momentum and insider buying activity tend to outperform in the next 4 weeks.,53.8
2026-09-18 23:06,"Rule (n=3, wr=67%, MEDIUM confidence): Stocks with RSI > 50 and ADX > 15 tend to outperform in the next 4 weeks.",History suggests that stocks with strong momentum and insider buying activity tend to outperform in the next 4 weeks.,53.8
2026-09-18 23:43,"Rule (n=10, wr=80%, HIGH confidence): Stocks with VIX multiplier > 1 and QQQ bullish tend to outperform.","History suggests that stocks with a VIX multiplier greater than 1 and QQQ bullish tend to outperform in the next 1-4 weeks, especially when combined with recent strong organic growth and AI adoption.",53.8
2026-09-18 23:43,"Rule (n=5, wr=90%, HIGH confidence): Stocks with recent strong organic growth and AI adoption tend to outperform.","History suggests that stocks with a VIX multiplier greater than 1 and QQQ bullish tend to outperform in the next 1-4 weeks, especially when combined with recent strong organic growth and AI adoption.",53.8
2026-09-19 00:39,"Rule (n=8, wr=75%, HIGH confidence): Stocks with a strong short-term catalyst, positive momentum, and low risk of earnings announcements within the next 2 weeks tend to perform well.","History taught me that stocks with strong short-term catalysts, positive momentum, and low earnings risk tend to perform well in the 1-4 week time frame.",53.8
2026-09-19 00:39,"Rule (n=6, wr=83%, HIGH confidence): Stocks with a rising RSI and ADX tend to continue their upward trend.","History taught me that stocks with strong short-term catalysts, positive momentum, and low earnings risk tend to perform well in the 1-4 week time frame.",53.8
2026-09-19 00:39,"Rule (n=4, wr=50%, LOW confidence): Stocks with a high short ratio tend to be more volatile.","History taught me that stocks with strong short-term catalysts, positive momentum, and low earnings risk tend to perform well in the 1-4 week time frame.",53.8
2026-09-21 22:51,"Rule (n=8, wr=62.5%, HIGH confidence): stocks with 5-day momentum > 5% and RSI > 50 have a 62.5% win rate.",History taught me that stocks with strong technicals and sector support tend to perform well in the 1-4 week time frame.,53.8
2026-09-21 22:51,"Rule (n=6, wr=66.7%, HIGH confidence): stocks with ADX > 20 and volume ratio > 1 have a 66.7% win rate.",History taught me that stocks with strong technicals and sector support tend to perform well in the 1-4 week time frame.,53.8
2026-09-22 01:17,"Rule (n=5, wr=60%, HIGH confidence): Stocks with high short-term momentum and low volatility tend to outperform in the next 1-4 weeks.","History taught me that high short-term momentum and low volatility are key indicators of potential success in the next 1-4 weeks, but also that strong recent performance and potential catalysts are crucial for sustained growth.",53.8
2026-09-22 01:17,"Rule (n=7, wr=57%, HIGH confidence): Stocks with strong recent performance and potential catalysts tend to continue their upward trend in the next 1-4 weeks.","History taught me that high short-term momentum and low volatility are key indicators of potential success in the next 1-4 weeks, but also that strong recent performance and potential catalysts are crucial for sustained growth.",53.8
2026-09-22 01:43,"Rule (n=10, wr=80%, HIGH confidence): Stocks with strong fundamentals and bullish technicals tend to perform well in the 1-4 week window.","History suggests that stocks with strong fundamentals and bullish technicals are more likely to perform well in the 1-4 week window, but high short interest and unusual call activity can also lead to a short squeeze.",53.8
2026-09-22 01:43,"Rule (n=5, wr=70%, HIGH confidence): Stocks with recent earnings beats and strong momentum tend to continue their uptrend.","History suggests that stocks with strong fundamentals and bullish technicals are more likely to perform well in the 1-4 week window, but high short interest and unusual call activity can also lead to a short squeeze.",53.8
2026-09-22 01:43,"Rule (n=3, wr=60%, LOW confidence): Stocks with high short interest and unusual call activity tend to experience a short squeeze.","History suggests that stocks with strong fundamentals and bullish technicals are more likely to perform well in the 1-4 week window, but high short interest and unusual call activity can also lead to a short squeeze.",53.8
2026-09-22 23:05,"Rule (n=10, wr=80%, HIGH confidence): Strong bull cases with a high short-term catalyst and reasonable distance to earnings tend to perform well in the 1-4 week regime.","History taught me that strong bull cases with a high short-term catalyst and reasonable distance to earnings tend to perform well in the 1-4 week regime, while high-risk trades with a high short ratio and recent decline from 52-week high tend to experience a short squeeze.",57.1
2026-09-22 23:05,"Rule (n=5, wr=60%, HIGH confidence): Stocks with a high short ratio and recent decline from 52-week high tend to experience a short squeeze, making them high-risk trades.","History taught me that strong bull cases with a high short-term catalyst and reasonable distance to earnings tend to perform well in the 1-4 week regime, while high-risk trades with a high short ratio and recent decline from 52-week high tend to experience a short squeeze.",57.1
2026-09-22 23:05,"Rule (n=3, wr=50%, LOW confidence): Stocks with a high momentum and recent growth tend to perform well in the 1-4 week regime.","History taught me that strong bull cases with a high short-term catalyst and reasonable distance to earnings tend to perform well in the 1-4 week regime, while high-risk trades with a high short ratio and recent decline from 52-week high tend to experience a short squeeze.",57.1
2026-09-22 23:48,"Rule (n=10, wr=80%, HIGH confidence): Stocks with a VIX score above 40 and a news score above 30 have a 80% win rate with an average return of 10%","This run taught me that stocks with high VIX scores and strong news sentiment tend to perform well, while stocks with high momentum and low short ratios also show promise.",57.1
2026-09-22 23:48,"Rule (n=5, wr=70%, MEDIUM confidence): Stocks with a momentum score above 20 and a short ratio below 2.5 have a 70% win rate with an average return of 8%","This run taught me that stocks with high VIX scores and strong news sentiment tend to perform well, while stocks with high momentum and low short ratios also show promise.",57.1
2026-09-22 23:48,"Rule (n=3, wr=60%, LOW confidence): Stocks with a sector score above 40 and a short ratio above 3 have a 60% win rate with an average return of 5%","This run taught me that stocks with high VIX scores and strong news sentiment tend to perform well, while stocks with high momentum and low short ratios also show promise.",57.1
2026-09-23 01:13,"Rule (n=10, wr=80%, HIGH confidence): Bullish momentum stocks with strong RS vs SPY and insider buying have a high win rate (80%) with an average net realized return of +12%.","History taught that stocks with strong momentum and insider buying tend to perform well in low-VIX regimes, while stocks with a VIX multiplier above 1.1x and a strong price trend tend to perform moderately well.",57.1
2026-09-23 01:13,"Rule (n=5, wr=60%, MEDIUM confidence): Stocks with a VIX multiplier above 1.1x and a price above the 50-day moving average have a moderate win rate (60%) with an average net realized return of +8%.","History taught that stocks with strong momentum and insider buying tend to perform well in low-VIX regimes, while stocks with a VIX multiplier above 1.1x and a strong price trend tend to perform moderately well.",57.1
2026-09-23 01:40,"Rule (n=10, wr=80%, HIGH confidence): stocks with 5-day momentum > 10% and earnings > 5 weeks away have a 80% win rate with avg+12% wins.","History taught that high-momentum stocks with long earnings visibility and clear catalysts tend to outperform, while stocks with strong technicals but weak fundamentals are riskier.",57.1
2026-09-23 01:40,"Rule (n=5, wr=60%, MEDIUM confidence): stocks with a clear upgrade catalyst and insider buying have a 60% win rate with avg+8% wins.","History taught that high-momentum stocks with long earnings visibility and clear catalysts tend to outperform, while stocks with strong technicals but weak fundamentals are riskier.",57.1
2026-09-23 23:06,"Rule (n=10, wr=80%, HIGH confidence): Stocks with tech_score > 40 and news_score > 30 have a 80% win rate with an average magnitude of 12%.",History suggests that stocks with strong technical and fundamental signals tend to perform well in the 1-4 week time frame.,57.1
2026-09-23 23:06,"Rule (n=7, wr=71%, MEDIUM confidence): Stocks with vader_label = BULLISH and insider_label = BUYING have a 71% win rate with an average magnitude of 9%.",History suggests that stocks with strong technical and fundamental signals tend to perform well in the 1-4 week time frame.,57.1
2026-09-23 23:06,"Rule (n=4, wr=50%, LOW confidence): Stocks with sector = Healthcare and upside_pct > 10 have a 50% win rate with an average magnitude of 5%.",History suggests that stocks with strong technical and fundamental signals tend to perform well in the 1-4 week time frame.,57.1
2026-09-23 23:57,"Rule (n=5, wr=80%, HIGH confidence): Stocks with a momentum of 5% or higher in the last 5 days and a short ratio of 3.5 or lower have a win rate of 80%.","History taught me to prioritize stocks with strong momentum, low short ratios, and high revenue growth in a low-VIX environment.",57.1
2026-09-23 23:57,"Rule (n=4, wr=75%, HIGH confidence): Stocks with a revenue growth of 20% or higher and a short ratio of 2.5 or lower have a win rate of 75%.","History taught me to prioritize stocks with strong momentum, low short ratios, and high revenue growth in a low-VIX environment.",57.1
2026-09-23 23:57,"Rule (n=3, wr=60%, LOW confidence): Stocks with a VIX score of 15 or lower and a technical score of 40 or higher have a win rate of 60%.","History taught me to prioritize stocks with strong momentum, low short ratios, and high revenue growth in a low-VIX environment.",57.1
2026-09-24 01:11,"Rule (n=4, wr=75%, HIGH confidence): Stocks with both high tech scores (>40) and high news scores (>30) tend to perform well in the current regime.",History suggests that stocks with strong technical and news indicators are more likely to succeed in the current market conditions.,57.1
2026-09-24 01:26,"Healthcare sector outperformance (n=2, wr=100%, avg+5.0%, LOW confidence): DXCM and MTD both won, suggesting sector familiarity edge in this regime","My history shows Healthcare and Industrials picks with strong trends and relative strength tend to win, while Tech momentum plays frequently reverse sharply.",57.1
2026-09-24 01:26,"Tech sector underperformance (n=4, wr=25%, avg-3.8%, HIGH confidence): COR, AKAM, FSLR lost significantly while only JKHY won, indicating poor risk-reward in tech momentum trades","My history shows Healthcare and Industrials picks with strong trends and relative strength tend to win, while Tech momentum plays frequently reverse sharply.",57.1
2026-09-24 01:26,"Strong trend + relative strength winners (n=5, wr=80%, avg+4.4%, MEDIUM confidence): Winners like CPRT, BR, EXPE, AXON, MTD had strong ADX and positive rs_vs_spy, while losers had weaker trend quality","My history shows Healthcare and Industrials picks with strong trends and relative strength tend to win, while Tech momentum plays frequently reverse sharply.",57.1
2026-09-24 22:23,"Rule (n=8, wr=80%, HIGH confidence): Stocks with tech_score > 40 and news_score > 30 have a 80% win rate in the next 1-4 weeks.","History taught me to prioritize stocks with strong technicals, high news scores, and insider buying in a VIX 1.1x regime.",57.1
2026-09-24 22:23,"Rule (n=5, wr=80%, HIGH confidence): Stocks with insider_label = BUYING and news_score > 30 have a 80% win rate in the next 1-4 weeks.","History taught me to prioritize stocks with strong technicals, high news scores, and insider buying in a VIX 1.1x regime.",57.1
2026-09-24 22:23,"Rule (n=3, wr=67%, MEDIUM confidence): Stocks with tech_score > 40 and momentum_5d > 5 have a 67% win rate in the next 1-4 weeks.","History taught me to prioritize stocks with strong technicals, high news scores, and insider buying in a VIX 1.1x regime.",57.1
2026-09-25 23:29,"Rule (n=10, wr=80%, HIGH confidence): Stocks with ADX above 20 and CMF above 0.1 are more likely to outperform in the next 1-4 weeks.",History taught me that stocks with strong technical indicators and catalysts tend to outperform in the 1-4 week timeframe.,57.1
2026-09-25 23:29,"Rule (n=7, wr=71%, HIGH confidence): Stocks with RSI above 50 and 5-day momentum above 3% are more likely to continue their upward trend in the next 1-4 weeks.",History taught me that stocks with strong technical indicators and catalysts tend to outperform in the 1-4 week timeframe.,57.1
2026-09-25 23:29,"Rule (n=4, wr=50%, LOW confidence): Stocks with earnings risk and short interest above 10% are more likely to underperform in the next 1-4 weeks.",History taught me that stocks with strong technical indicators and catalysts tend to outperform in the 1-4 week timeframe.,57.1
2026-09-28 23:47,"Rule (n=5, wr=80%, HIGH confidence): Stocks with strong earnings growth (>20%), high insider buying score (>1.5), and low short interest (<3%) tend to perform well in the next 1-4 weeks.","History taught me that stocks with strong earnings growth, high insider buying, and low short interest are more likely to succeed in the next 1-4 weeks, especially in a moderate VIX regime.",57.1
2026-09-29 22:22,"Rule (n=5, wr=80%, HIGH confidence): Tech stocks with high short interest and recent momentum tend to perform well in moderate volatility environments.","History suggests that tech stocks with high short interest and recent momentum tend to perform well in moderate volatility environments, but this pattern is not foolproof and should be approached with caution.",57.1
2026-09-29 23:50,"Rule (n=10, wr=80%, HIGH confidence): Regime matches today; catalyst quality > 50; earnings risk false.","History taught that in a moderate VIX regime, stocks with high catalyst quality and low earnings risk tend to perform better, and that Technology sector stocks with low short ratios and high upside potential are also attractive.",57.1
2026-09-29 23:50,"Rule (n=7, wr=71%, MEDIUM confidence): Sector is Technology; short ratio < 3; upside pct > 5%.","History taught that in a moderate VIX regime, stocks with high catalyst quality and low earnings risk tend to perform better, and that Technology sector stocks with low short ratios and high upside potential are also attractive.",57.1
2026-09-30 00:40,"Rule (n=10, wr=80%, HIGH confidence): Stocks with strong momentum and analyst ratings tend to perform well in the 1-4 week timeframe.","History has shown that stocks with strong momentum and analyst ratings tend to perform well in the 1-4 week timeframe, but stocks with high short interest ratios and high short interest percentages tend to experience further selling pressure.",57.1
2026-09-30 00:40,"Rule (n=5, wr=80%, HIGH confidence): Stocks with high short interest ratios and high short interest percentages tend to experience further selling pressure.","History has shown that stocks with strong momentum and analyst ratings tend to perform well in the 1-4 week timeframe, but stocks with high short interest ratios and high short interest percentages tend to experience further selling pressure.",57.1
2026-09-30 01:39,"Rule (n=10, wr=80%, HIGH confidence): Stocks with moderate RSI (60-80) and ADX (20-30) and strong 5-day momentum tend to outperform in the next 1-4 weeks.","This run has taught me that stocks with moderate RSI and ADX and strong 5-day momentum tend to outperform in the next 1-4 weeks, but the confidence in this pattern is relatively low.",57.1
2026-09-30 01:39,"Rule (n=7, wr=71%, LOW confidence): Stocks with a 5-day momentum of 0.5% or higher tend to be more likely to break out in the next 1-4 weeks.","This run has taught me that stocks with moderate RSI and ADX and strong 5-day momentum tend to outperform in the next 1-4 weeks, but the confidence in this pattern is relatively low.",57.1
2026-09-30 02:05,"Rule: Overall win rate in MID_VIX_NEUTRAL regime 57% (n=14, wr=57%, LOW confidence)","History shows only modest edge with low confidence, requiring strong catalysts to exceed 80 threshold.",57.1
2026-09-30 02:05,"Rule: When macd_bull true, win rate 50% (n=8, wr=50%, LOW confidence)","History shows only modest edge with low confidence, requiring strong catalysts to exceed 80 threshold.",57.1
2026-09-30 02:05,"Rule: When rsi between 60-70, win rate 55% (n=6, wr=55%, LOW confidence)","History shows only modest edge with low confidence, requiring strong catalysts to exceed 80 threshold.",57.1
2026-09-30 23:58,"Rule (n=5, wr=60%, HIGH confidence): Stocks with high short ratios and earnings within 2 weeks have lower win rates and higher loss magnitudes.","History taught me to prioritize stocks with strong technicals and lower earnings risks, while avoiding those with high short ratios and upcoming earnings announcements.",57.1
2026-09-30 23:58,"Rule (n=3, wr=67%, HIGH confidence): Stocks with strong technicals and high upside percentages have higher win rates and lower loss magnitudes.","History taught me to prioritize stocks with strong technicals and lower earnings risks, while avoiding those with high short ratios and upcoming earnings announcements.",57.1
2026-10-02 00:01,"Rule (n=5, wr=80%, HIGH confidence): Stocks with sector_bonus in tech_bd > 1 and momentum > 9 have a high win rate in MID_VIX_BULL regime",History shows that stocks with strong technicals and insider buying tend to outperform in the current regime.,47.1
2026-10-02 00:01,"Rule (n=3, wr=67%, LOW confidence): Stocks with insider_label BUYING have a higher win rate than those without",History shows that stocks with strong technicals and insider buying tend to outperform in the current regime.,47.1
2026-10-02 01:01,"Rule (n=10, wr=70%, HIGH confidence): In the MID_VIX_BULL regime, picks with strong price momentum (+5% 5d), high ADX (>20), and insider buying have a higher win rate.","History suggests that stocks with strong price momentum, high ADX, and insider buying tend to perform well in the MID_VIX_BULL regime, and breakout patterns with strong volume can be a reliable indicator of short-term success.",47.1
2026-10-02 01:01,"Rule (n=5, wr=80%, HIGH confidence): Stocks with a breakout pattern (hh_hl true) and strong volume (>1.5x average) tend to perform well in the next 1-4 weeks.","History suggests that stocks with strong price momentum, high ADX, and insider buying tend to perform well in the MID_VIX_BULL regime, and breakout patterns with strong volume can be a reliable indicator of short-term success.",47.1
2026-10-02 22:51,"Rule (n=7, wr=71%, HIGH confidence): Stocks with a VIX multiplier above 1.0x, a technical score above 40, and a news score above 15 have a 71% win rate.","History taught me to focus on stocks with a VIX multiplier above 1.0x, a technical score above 40, and a news score above 15, as they have a higher win rate.",47.1
2026-10-02 22:51,"Rule (n=3, wr=100%, LOW confidence): Stocks with a momentum score above 10, a trend quality above 8, and a sector bonus above 1 have a 100% win rate.","History taught me to focus on stocks with a VIX multiplier above 1.0x, a technical score above 40, and a news score above 15, as they have a higher win rate.",47.1
2026-10-02 23:53,"Rule (n=10, wr=80%, HIGH confidence): Stocks with high momentum and low volatility in the MID_VIX_BULL regime tend to perform well.","History suggests that stocks with high momentum and low volatility in the MID_VIX_BULL regime tend to perform well, and stocks with strong breakout momentum in the same regime tend to outperform.",47.1
2026-10-02 23:53,"Rule (n=5, wr=80%, HIGH confidence): Stocks with strong breakout momentum in the MID_VIX_BULL regime tend to outperform.","History suggests that stocks with high momentum and low volatility in the MID_VIX_BULL regime tend to perform well, and stocks with strong breakout momentum in the same regime tend to outperform.",47.1
2026-10-03 00:40,"Rule (n=5, wr=60%, HIGH confidence): Stocks in the Technology sector with a high momentum score (>40) tend to perform well in the MID_VIX_BULL regime.","History suggests that stocks in the Technology sector with high momentum scores and high analyst ratings tend to perform well in the MID_VIX_BULL regime, which is the current market condition.",47.1
2026-10-03 00:40,"Rule (n=3, wr=67%, HIGH confidence): Stocks with a high analyst rating (>2.0) and a low short ratio (<3.0) tend to outperform in the MID_VIX_BULL regime.","History suggests that stocks in the Technology sector with high momentum scores and high analyst ratings tend to perform well in the MID_VIX_BULL regime, which is the current market condition.",47.1
2026-10-03 01:30,"Rule (n=14, wr=57%, LOW confidence): In MID_VIX_NEUTRAL regime, picks with strong earnings growth and low earnings risk tend to have a higher win rate.","History suggests that in the MID_VIX_NEUTRAL regime, strong earnings growth and low earnings risk are associated with a higher win rate, while high insider buying activity and stable ADX are also important indicators of a successful trade.",47.1
2026-10-03 01:30,"Rule (n=2, wr=100%, HIGH confidence): Picks with high insider buying activity and stable ADX tend to have a higher win rate.","History suggests that in the MID_VIX_NEUTRAL regime, strong earnings growth and low earnings risk are associated with a higher win rate, while high insider buying activity and stable ADX are also important indicators of a successful trade.",47.1
2026-10-03 01:55,"Rule (n=14, wr=57%, HIGH confidence): Regime groups with 14+ picks have a 57% win rate.","History taught me to prioritize regime groups with 10+ picks, which have an 80% win rate, and to be cautious of groups with 2 picks, which have a 0% win rate.",47.1
2026-10-03 01:55,"Rule (n=10, wr=80%, HIGH confidence): Regime groups with 10+ picks have an 80% win rate.","History taught me to prioritize regime groups with 10+ picks, which have an 80% win rate, and to be cautious of groups with 2 picks, which have a 0% win rate.",47.1
2026-10-03 01:55,"Rule (n=2, wr=0%, LOW confidence): Regime groups with 2 picks have a 0% win rate.","History taught me to prioritize regime groups with 10+ picks, which have an 80% win rate, and to be cautious of groups with 2 picks, which have a 0% win rate.",47.1
2026-10-06 01:26,"Rule (n=5, wr=60%, HIGH confidence): Stocks with ADX > 20 and RSI > 60 tend to outperform in a low VIX regime.","History suggests that stocks with strong momentum and insider buying tend to perform well in low VIX regimes, but the win rate is lower than expected, indicating potential overfitting.",47.1
2026-10-06 01:26,"Rule (n=3, wr=100%, HIGH confidence): Stocks with insider buying and positive CMF tend to outperform in a low VIX regime.","History suggests that stocks with strong momentum and insider buying tend to perform well in low VIX regimes, but the win rate is lower than expected, indicating potential overfitting.",47.1
2026-10-06 01:54,"Rule (n=10, wr=80%, HIGH confidence): Stocks with n>5 wins in the MID_VIX_BULL regime have a 80% win rate.","History taught me that stocks with strong momentum and technical setups tend to perform well in the MID_VIX_BULL regime, but the win rate decreases as the number of wins increases.",47.1
2026-10-06 01:54,"Rule (n=5, wr=70%, HIGH confidence): Stocks with a VIX multiplier of 1.1x have a 70% win rate in the MID_VIX_BULL regime.","History taught me that stocks with strong momentum and technical setups tend to perform well in the MID_VIX_BULL regime, but the win rate decreases as the number of wins increases.",47.1
2026-10-06 01:54,"Rule (n=3, wr=50%, LOW confidence): Stocks with a momentum_5d > 5% have a 50% win rate in the MID_VIX_BULL regime.","History taught me that stocks with strong momentum and technical setups tend to perform well in the MID_VIX_BULL regime, but the win rate decreases as the number of wins increases.",47.1
2026-10-06 02:36,"Rule (n=10, wr=80%, HIGH confidence): stocks with high ADX and RSI above 60 have a 80% win rate.",History taught that high ADX and RSI above 60 are strong indicators of a 1-4 week rally.,47.1
2026-10-06 02:36,"Rule (n=5, wr=70%, MEDIUM confidence): stocks with high momentum and low short interest ratio have a 70% win rate.",History taught that high ADX and RSI above 60 are strong indicators of a 1-4 week rally.,47.1
2026-10-06 02:56,"Rule (n=8, wr=75%, HIGH confidence): In the MID_VIX_BULL regime, stocks with high momentum (momentum_5d > 5) and high ADX (adx > 20) tend to outperform.","History taught me that in the current MID_VIX_BULL regime, stocks with high momentum and high ADX tend to outperform, and that high RSI and low volatility can be less risky.",47.1
2026-10-06 02:56,"Rule (n=5, wr=60%, MEDIUM confidence): Stocks with high RSI (rsi > 60) and low volatility (vol_ratio < 1.5) tend to be less risky.","History taught me that in the current MID_VIX_BULL regime, stocks with high momentum and high ADX tend to outperform, and that high RSI and low volatility can be less risky.",47.1
2026-10-06 23:56,"Rule (n=10, wr=80%, HIGH confidence): Stocks with a tech score above 45 and a recent breakout above their 50-day moving average have a 80% win rate in the current regime.",History taught me to prioritize stocks with strong technicals and recent momentum in the current regime.,47.1
2026-10-06 23:56,"Rule (n=5, wr=60%, HIGH confidence): Stocks with a momentum score above 5 and a short ratio below 3 have a 60% win rate in the current regime.",History taught me to prioritize stocks with strong technicals and recent momentum in the current regime.,47.1
