Trade_ID,Execution_Status,Outcome_Basis,Date,Ticker,Signal,Confidence,Sector,Source,Entry_Price,Realistic_Entry,Stop_Price,Target_Price,Shares,Cost_Basis,RR,Portfolio_Value,Cash_At_Entry,Position_Size_Pct,Open_Positions,VIX,VIX_Regime,QQQ_Trend,SPY_Day_Pct,RSI,Earnings_Days_Away,Congress,Congress_Days_Ago,Insider,Options,Analyst_Rating,Upside_Pct,Short_Pct_Float,Reasoning,Key_Risk,Bear_Case,Close_Date,Close_Price,Close_Reason,Return_Pct,vs_QQQ_10d,Result,Entry_Date,Benchmark_Return_Pct,Hold_Sessions
e904bd8b-ef79-4a81-bfd2-a61eb4a563d9,QUEUED,paper_horizon,2026-09-16,MTD,BUY,85,Healthcare,BOTH,1382.83,1401.1199951171875,1327.9,1492.69,,,2.0,10025.74,10025.74,,0,17.71,MODERATE (p59 neutral),BEARISH,-0.4409916675517711,46.2,49,NEUTRAL,,BUYING,NEUTRAL,2.6,5.4,3.6,"MTD's recent 7.7% 5-day gain and RSI at 46 indicate momentum, and its AI-powered Sonus platform is driving near-term growth. Additionally, the company's strong financials and growing demand for maternal health solutions make it an attractive option.",A decline in R&D bookings could impact the company's growth prospects.,Two specific risks in the next 4 weeks are a decline in R&D bookings and a failure to meet earnings expectations.,2026-09-30,1510.949951171875,paper_hold_sessions,7.838725907662281,4.511676963171074,Win,2026-09-17,3.3270489444912066,10.0
,REJECTED,paper_horizon,2026-09-16,FTNT,BUY,85,Technology,NEWS,172.27,170.0800018310547,161.05,194.71,,,2.0,100000.0,100000.0,,0,17.71,MODERATE (p59 neutral),BEARISH,-0.4449314779118585,60.4,48,NEUTRAL,,BUYING,NEUTRAL,2.8,-5.0,2.2,"FTNT has a strong catalyst with insider buying and a bullish VIX-adjusted RSI, which has led to an 80% win rate in the past. Additionally, its analyst consensus is above 1.5, indicating a positive outlook.","FTNT's key risk is its high short ratio, which could lead to a short squeeze and a decline in its stock price.","Two specific risks in the next 4 weeks are: (1) a potential decline in the technology sector, which could impact FTNT's stock price, and (2) a possible earnings miss, which could lead to a sell-off.",2026-09-30,178.75999450683594,paper_hold_sessions,5.103476353676983,1.7764274091857768,Win,2026-09-17,3.3270489444912066,10.0
,REJECTED,paper_horizon,2026-09-17,IQV,BUY,85,Healthcare,TECHNICAL,270.22,269.45001220703125,261.27,288.13,,,2.0,74740.92,74740.92,,0,15.44,LOW (p15 risk-on),BULLISH,1.1391817518732197,58.0,47,NEUTRAL,,BUYING,NEUTRAL,1.4,3.2,2.7,"IQV's strong 5-day momentum (2.82%) and tech score (40) make it a promising candidate for the next 1-4 weeks. Additionally, its strong insider signal and high analyst consensus support its bull case.",A decline in R&D spending could impact IQV's growth prospects and lead to a decline in its stock price.,"Two specific risks in the next 4 weeks are a disappointing earnings report or a decline in R&D spending, which could lead to a 3-5% decline in the stock price.",2026-10-01,260.7200012207031,paper_hold_sessions,-3.239937127789194,-6.467405605101206,Loss,2026-09-18,3.227468477312012,10.0
,REJECTED,paper_horizon,2026-09-18,ANET,BUY,85,Technology,NEWS,199.99,203.47000122070312,188.35,223.27,,,2.0,99802.68,74740.92,,1,14.81,LOW (p7 risk-on),BULLISH,-0.1337459351725578,55.8,46,NEUTRAL,,BUYING,NEUTRAL,1.3,20.9,1.4,"ANET is a strong pick due to its recent price gap and strong momentum, which may attract buyers. Additionally, the stock's revenue growth of 37.7% and earnings growth of 35.7% make it an attractive play.","The stock's high short ratio and short pct float may lead to a short squeeze, which could negatively impact the stock's price.","The stock's high short ratio of 2.0 and short pct float of 1.4 may indicate a potential short squeeze risk. Additionally, the stock's recent price gap may not be sustainable in the long term.",2026-10-02,207.3500061035156,paper_hold_sessions,1.9069174126577384,-1.0729287186128422,Win,2026-09-21,2.9798461312705804,10.0
49c5222c-58f0-4eb1-a48c-63e768d55b32,FILLED,net_realized,2026-09-18,GILD,BUY,85,Healthcare,BOTH,150.44,149.5798,145.73,159.86,98.0,14658.82,2.0,99802.68,74740.92,,1,14.81,LOW (p7 risk-on),BULLISH,-0.1337459351725578,61.2,40,NEUTRAL,,BUYING,NEUTRAL,1.8,5.4,1.9,"GILD is poised for a 1-4 week rally due to its strengthened HIV growth platform and expanded Latin America access. The stock has shown technical strength with a rising RSI and ADX, and the sector is experiencing a rotation towards healthcare.","GILD's earnings are 40 days away, reducing the risk of a near-term earnings surprise.","A bear case for GILD in the next 4 weeks could be a surprise earnings miss, which could lead to a decline in the stock price. Additionally, if the sector rotation towards healthcare slows down, GILD could lose its momentum.",2026-09-21,149.5798,broker_confirmed_exit,0.0,,Neutral,2026-09-21,,
,REJECTED,hypothetical_excess_return,2026-09-22,ADI,BUY,85,Technology,NEWS,391.57,,376.0,422.71,,,2.0,102095.42,87133.76,,1,14.21,LOW (p2 risk-on),BULLISH,-0.0103423311614392,62.5,63,NEUTRAL,,BUYING,NEUTRAL,1.4,20.6,2.0,"ADI's double-digit growth into 2027 on data center and industrial demand makes it a strong bull case, with a potential 20.6% upside. The company's high short ratio of 2.4 and recent -12.4% decline from 52-week high could lead to a short squeeze, making it a high-risk trade.","The key risk is a decline in data center demand, which could lead to a decline in ADI's stock price.","Two specific risks in the next 4 weeks are: 1) a decline in data center demand, and 2) a short squeeze due to the high short ratio.",,,,,,Pending,,,
,REJECTED,hypothetical_excess_return,2026-09-22,HCA,BUY,85,Healthcare,BOTH,439.52,,420.92,476.72,,,2.0,102095.42,87133.76,,1,14.21,LOW (p2 risk-on),BULLISH,-0.0103423311614392,64.2,31,NEUTRAL,,NEUTRAL,NEUTRAL,2.0,3.2,4.4,"HCA is a strong pick due to its high VIX score of 42 and news score of 29, indicating strong sentiment and potential for further gains. Additionally, its momentum score of 10 and short ratio of 5.2 suggest a strong bull case.","HCA's high short ratio and potential earnings risk make it a high-risk pick, but its strong sentiment and momentum scores make it a compelling choice for a 1-4 week trade.","Two specific risks in the next 4 weeks are: (1) potential earnings disappointment, and (2) increased competition in the healthcare sector.",,,,,,Pending,,,
,REJECTED,hypothetical_excess_return,2026-09-22,MPWR,BUY,85,Technology,TECHNICAL,1384.89,,1313.22,1528.23,,,2.0,102095.42,87133.76,,1,14.21,LOW (p2 risk-on),BULLISH,-0.0103423311614392,63.5,36,NEUTRAL,,BUYING,NEUTRAL,1.3,33.3,5.5,"MPWR shows explosive 20% 5-day momentum, RS vs SPY >8, strong earnings growth 86% YoY and revenue growth 48%, with insider buying and rising volume, supporting continuation of the breakout over the next 4 weeks as AI-driven power demand sustains. Additionally, MPWR has a strong price trend, with a price above the 50-day moving average and a VIX multiplier above 1.1x, indicating a high likelihood of continued momentum in the next 4 weeks.",The stock's high price trend and extended nature make it vulnerable to a pullback if the market corrects or if the tech sector experiences a reversal.,"The stock is already extended, and a pause or profit-taking could trigger a 5-10% pullback, especially with the upcoming earnings in ~5 weeks and any broader tech-sector reversal.",,,,,,Pending,,,
,REJECTED,hypothetical_excess_return,2026-09-23,ILMN,BUY,85,Healthcare,BOTH,256.22,,240.79,287.09,,,2.0,101968.02,87133.76,,1,15.18,LOW (p12 risk-on),BULLISH,-0.7124017376913705,71.4,36,NEUTRAL,,BUYING,NEUTRAL,2.4,-20.6,10.5,"ILMN has a strong technical score of 43 and a news score of 31, indicating a solid bull case. The company's vader sentiment is BULLISH, and insiders are buying, which further supports the thesis.","ILMN's key risk is its high short ratio of 4.7, which could lead to a short squeeze if the stock moves against the bears.","Two specific risks in the next 4 weeks are: 1) potential earnings miss, and 2) increased competition in the healthcare sector.",,,,,,Pending,,,
1ad8a410-2207-4bf4-bf8d-0ced31bf5328,FILLED,net_realized,2026-09-24,AMD,BUY,85,Technology,BOTH,630.89,635.0684,590.84,710.99,25.0,15876.71,2.0,101803.38,87133.76,,1,15.67,LOW (p19 risk-on),BULLISH,-0.0833409295117992,72.7,40,NEUTRAL,,BUYING,NEUTRAL,1.5,-2.0,2.6,"AMD's strong technicals, high news score, and insider buying make it a compelling 1-4 week trade. The stock's recent price action and momentum indicators suggest a potential upside of 5-10% in the next 1-4 weeks.","The key risk is AMD's high valuation, which could make it more vulnerable to a pullback in the event of a market correction.","Two specific risks in the next 4 weeks are: 1) a potential earnings miss, which could lead to a 5-10% pullback, and 2) a decline in semiconductor demand, which could impact AMD's revenue growth.",,,,,,Pending,2026-09-25,,
91e5c634-a156-4efe-a273-08a239aae584,FILLED,net_realized,2026-09-25,CDNS,BUY,85,Technology,BOTH,327.11,322.1806,313.32,354.68,54.0,17397.75,2.0,101813.94,71257.05,,2,14.87,LOW (p8 risk-on),BULLISH,0.5291350076242374,61.3,31,NEUTRAL,,BUYING,NEUTRAL,1.4,23.7,1.6,"CDNS is a strong pick due to its extraordinary earnings growth, solid revenue expansion, and recent 5-day momentum of 10.6%. The stock has a strong ADX of 23.4 and a positive CMF of 0.266, indicating a strong trend and institutional accumulation.","The key risk is that CDNS's earnings may disappoint, leading to a sharp reversal.","One specific risk in the next 4 weeks is that CDNS's earnings may disappoint, leading to a sharp reversal given the high expectations baked into the price. Another risk is that the broader tech sector may experience a pullback, weighing on CDNS's stock.",2026-09-28,322.1806,broker_confirmed_exit,0.0,,Neutral,2026-09-28,,
9894e74b-0025-485b-846a-bf0b4747f016,FILLED,net_realized,2026-09-28,DHR,BUY,85,Healthcare,TECHNICAL,228.02,226.78,220.64,242.78,59.0,13380.02,2.0,101614.43,53859.3,,3,16.07,MODERATE (p28 neutral),BULLISH,-0.7597070071951761,71.4,23,NEUTRAL,,BUYING,NEUTRAL,1.5,1.5,1.3,"Danaher's strong earnings growth of 59.7%, high insider buying score, and low short interest make it an attractive pick in the next 1-4 weeks. The stock's defensive sector and modest 5-day gain also suggest resilience.",Earnings miss or disappointing guidance in 23 days.,"The stock's elevated RSI of 71.4 may indicate overbought conditions, and earnings in 23 days present a risk if results disappoint. The modest upside target of 1.5% limits the reward.",2026-09-29,226.78,broker_confirmed_exit,0.0,,Neutral,2026-09-29,,
,REJECTED,hypothetical_excess_return,2026-09-29,TWLO,BUY,85,Unknown,TECHNICAL,291.7,,270.44,334.21,,,2.0,101339.64,40479.28,,4,16.04,MODERATE (p27 neutral),BULLISH,-0.1450051600935364,66.9,-1,NEUTRAL,,BUYING,NEUTRAL,,,,"TWLO is poised for a breakout above 300, driven by the strength of the tech sector and potential catalysts such as earnings beats or positive guidance. The stock's high short interest could lead to a squeeze if the price falls, but this is a risk that is currently outweighed by the potential reward.","The key risk is that the market could correct, leading to a decline in the stock price.","Two specific risks in the next 4 weeks are: (1) a market correction could lead to a decline in the stock price, and (2) the stock's high short interest could lead to a squeeze if the price falls.",,,,,,Pending,,,
ae7301da-4fa9-4c87-afc3-c6e3d0753f1e,FILLED,net_realized,2026-09-30,MSFT,BUY,85,Technology,BOTH,514.45,518.8629,496.89,549.58,14.0,7264.08,2.0,101281.61,40479.27,,4,16.34,MODERATE (p33 neutral),BULLISH,-0.2668829639707937,60.1,28,NEUTRAL,,BUYING,NEUTRAL,1.3,12.8,0.9,"MSFT could see a 1-4 week bull run driven by its deepened ties with Clickhouse, which could lead to further growth and potential upside in its stock price. Additionally, MSFT's strong technicals, including a 60.1 RSI and 34.0 ADX, indicate a potential breakout.","MSFT's high short ratio and upcoming earnings announcement increase its risk profile, making it essential to monitor its price action closely in the coming weeks.","Two specific risks in the next 4 weeks are the potential for a short squeeze due to its high short ratio of 3.2, and the elevated risk and volatility associated with its upcoming earnings announcement in 28 days.",,,,,,Pending,2026-10-01,,
,REJECTED,hypothetical_excess_return,2026-10-01,UTHR,BUY,85,Unknown,TECHNICAL,572.74,,545.97,626.29,,,2.0,102099.21,79526.76,,2,16.39,MODERATE (p35 neutral),BULLISH,0.2308681165883896,71.9,-1,NEUTRAL,,BUYING,NEUTRAL,,,,"UTHR has a strong technical score with high momentum and a high RSI, indicating a potential breakout. Insider buying is also present, which is a bullish signal.",UTHR's unknown sector may lead to unexpected volatility.,"UTHR's sector is unknown, which may increase uncertainty. Additionally, the stock's high RSI may indicate overbought conditions.",,,,,,Pending,,,
e00cf910-a878-4eed-9705-64ec1f90abc9,FILLED,net_realized,2026-10-01,CDNS,BUY,85,Technology,TECHNICAL,351.72,356.1259,335.1,384.96,51.0,18162.42,2.0,102240.26,79526.76,,2,16.39,MODERATE (p35 neutral),BULLISH,0.2308681165883896,70.6,24,NEUTRAL,,BUYING,NEUTRAL,1.4,15.6,1.6,"CDNS shows a strong breakout pattern (hh_hl true) with a 7.5% 5-day gain, RSI 70.6, high ADX (24.7), and insider buying, indicating a high probability of short-term success. The stock's strong volume (1.9x average) and solid earnings growth also support its bullish case.",A short-term pullback due to overbought conditions.,"The stock's RSI is already in overbought territory, raising the risk of a short-term pullback, and earnings volatility could disappoint. Additionally, the stock's high short ratio (1.8) could add pressure if sentiment turns.",,,,,,Pending,2026-10-02,,
,REJECTED,hypothetical_excess_return,2026-10-02,NVDA,BUY,85,Technology,NEWS,234.7,,227.03,250.03,,,2.0,102375.39,61363.37,,3,15.31,LOW (p15 risk-on),BULLISH,0.7263447192775718,63.0,46,NEUTRAL,,BUYING,NEUTRAL,1.3,40.1,1.3,"NVDA is a top pick due to its strong technical score of 43, news score of 18, and VIX multiplier of 1.1x. The stock has a high momentum score of 10 and a trend quality of 6, indicating a strong upward trend.","The key risk is a decline in demand for NVIDIA's products, which could negatively impact the stock price.","Two specific risks in the next 4 weeks are: 1) a potential decline in demand for NVIDIA's products, and 2) a surprise announcement from a competitor that could negatively impact NVIDIA's stock price.",,,,,,Pending,,,
